thr,hold,equity
0.24698698889890372,6,10.492591624771629
