thr,hold,equity
0.24698698889890372,6,20.486689171773843
