thr,hold,equity
0.24126583897431103,6,33.84249841871215
