thr,hold,equity
0.24741521398300897,6,16.338114515758477
