thr,hold,equity
0.24979390669709872,6,16.482234841678622
