thr,hold,equity
0.24100188174223777,6,10.912516156504017
