thr,hold,equity
0.24217400456334354,6,13.607065700688173
