thr,hold,equity
0.2114125052807472,6,11.754302039363823
