thr,hold,equity
0.24238427769696652,6,12.345297875214762
