thr,hold,equity
0.2362841360575967,6,27.704505860259843
