thr,hold,equity
0.2443946086866129,6,18.332203957591087
