thr,hold,equity
0.24881184364244147,6,17.532806482843263
