thr,hold,equity
0.2064712666876499,6,26.844606632235283
