thr,hold,equity
0.2156950482206949,6,17.46387433830457
