thr,hold,equity
0.24881184364244147,6,34.554980508754745
