thr,hold,equity
0.24698698889890372,6,30.67115833946089
