thr,hold,equity
0.24993219826942445,6,17.492197906326915
