thr,hold,equity
0.19334904764879238,6,53.84254841276051
