thr,hold,equity
0.24698698889890372,6,30.509867752399238
