thr,hold,equity
0.24850148546992074,6,10.925307092533941
