thr,hold,equity
0.2498078728102282,6,19.56472143916725
